{
	"credit": "A5H73Y",
	"textures": {
		"3": "block/texture_1",
		"4": "block/texture_2",
		"5": "block/texture_3",
		"6": "block/cyan"
	},
	"elements": [
		{
			"name": "beams",
			"from": [18, 11, 16],
			"to": [19, 21, 17],
			"rotation": {"angle": -22.5, "axis": "x", "origin": [5, 13, 24]},
			"faces": {
				"north": {"uv": [0, 0, 1, 10], "rotation": 180, "texture": "#6"},
				"east": {"uv": [0, 0, 10, 1], "rotation": 270, "texture": "#6"},
				"south": {"uv": [0, 0, 1, 10], "texture": "#6"},
				"west": {"uv": [0, 0, 10, 1], "rotation": 90, "texture": "#6"},
				"up": {"uv": [0, 0, 1, 1], "rotation": 180, "texture": "#6"},
				"down": {"uv": [0, 0, 1, 1], "texture": "#6"}
			}
		},
		{
			"name": "beams",
			"from": [-3, 11, 16],
			"to": [-2, 21, 17],
			"rotation": {"angle": -22.5, "axis": "x", "origin": [5, 13, 24]},
			"faces": {
				"north": {"uv": [0, 0, 1, 10], "rotation": 180, "texture": "#6"},
				"east": {"uv": [0, 0, 10, 1], "rotation": 270, "texture": "#6"},
				"south": {"uv": [0, 0, 1, 10], "texture": "#6"},
				"west": {"uv": [0, 0, 10, 1], "rotation": 90, "texture": "#6"},
				"up": {"uv": [0, 0, 1, 1], "rotation": 180, "texture": "#6"},
				"down": {"uv": [0, 0, 1, 1], "texture": "#6"}
			}
		},
		{
			"name": "beams",
			"from": [-3, 11, 16],
			"to": [19, 12, 17],
			"rotation": {"angle": -22.5, "axis": "x", "origin": [5, 13, 24]},
			"faces": {
				"north": {"uv": [0, 0, 16, 1], "rotation": 180, "texture": "#6"},
				"east": {"uv": [0, 0, 1, 1], "rotation": 270, "texture": "#6"},
				"south": {"uv": [0, 0, 16, 1], "texture": "#6"},
				"west": {"uv": [0, 0, 1, 1], "rotation": 90, "texture": "#6"},
				"up": {"uv": [0, 0, 16, 1], "rotation": 180, "texture": "#6"},
				"down": {"uv": [0, 0, 16, 1], "texture": "#6"}
			}
		},
		{
			"name": "beams",
			"from": [-3, 20, 12.65],
			"to": [19, 21, 13.65],
			"rotation": {"angle": -22.5, "axis": "x", "origin": [5, 21, 20]},
			"faces": {
				"north": {"uv": [0, 0, 16, 1], "rotation": 180, "texture": "#6"},
				"east": {"uv": [0, 0, 1, 1], "rotation": 270, "texture": "#6"},
				"south": {"uv": [0, 0, 16, 1], "texture": "#6"},
				"west": {"uv": [0, 0, 1, 1], "rotation": 90, "texture": "#6"},
				"up": {"uv": [0, 0, 16, 1], "rotation": 180, "texture": "#6"},
				"down": {"uv": [0, 0, 16, 1], "texture": "#6"}
			}
		},
		{
			"name": "front",
			"from": [-3, -4, 23.5],
			"to": [19, 9, 26.5],
			"rotation": {"angle": 0, "axis": "y", "origin": [8, 8, 14]},
			"faces": {
				"north": {"uv": [0, 0, 16, 11], "texture": "#6"},
				"east": {"uv": [0, 0, 1, 11], "texture": "#6"},
				"south": {"uv": [0, 0, 16, 11], "texture": "#6"},
				"west": {"uv": [0, 0, 1, 11], "texture": "#6"},
				"up": {"uv": [0, 0, 16, 1], "texture": "#6"},
				"down": {"uv": [0, 0, 16, 1], "texture": "#6"}
			}
		},
		{
			"name": "left",
			"from": [15.9, -4.2, -3],
			"to": [19, 9, 24],
			"rotation": {"angle": 0, "axis": "y", "origin": [8, 8, 2]},
			"faces": {
				"north": {"uv": [0, 0, 1.1, 11.2], "texture": "#6"},
				"east": {"uv": [0, 0, 16, 11.2], "texture": "#6"},
				"south": {"uv": [0, 0, 1.1, 11.2], "texture": "#6"},
				"west": {"uv": [0, 0, 16, 11.2], "texture": "#6"},
				"up": {"uv": [0, 0, 1.1, 16], "texture": "#6"},
				"down": {"uv": [0, 0, 1.1, 16], "texture": "#6"}
			}
		},
		{
			"name": "right",
			"from": [-3, -4.2, -3],
			"to": [0.1, 9, 24],
			"rotation": {"angle": 0, "axis": "y", "origin": [8, 8, 3]},
			"faces": {
				"north": {"uv": [0, 0, 1.1, 11.2], "texture": "#6"},
				"east": {"uv": [0, 0, 16, 11.2], "texture": "#6"},
				"south": {"uv": [0, 0, 1.1, 11.2], "texture": "#6"},
				"west": {"uv": [0, 0, 16, 11.2], "texture": "#6"},
				"up": {"uv": [0, 0, 1.1, 16], "texture": "#6"},
				"down": {"uv": [0, 0, 1.1, 16], "texture": "#6"}
			}
		},
		{
			"name": "back",
			"from": [-3, -1, -5.5],
			"to": [19, 9, -2.5],
			"rotation": {"angle": 0, "axis": "y", "origin": [8, 8, 8]},
			"faces": {
				"north": {"uv": [0, 0, 16, 8], "texture": "#6"},
				"east": {"uv": [0, 0, 1, 8], "texture": "#6"},
				"south": {"uv": [0, 0, 16, 8], "texture": "#6"},
				"west": {"uv": [0, 0, 1, 8], "texture": "#6"},
				"up": {"uv": [0, 0, 16, 1], "texture": "#6"},
				"down": {"uv": [0, 0, 16, 1], "texture": "#6"}
			}
		},
		{
			"name": "bonet",
			"from": [-3, 8, 16],
			"to": [19, 9, 24],
			"rotation": {"angle": 0, "axis": "y", "origin": [5, 16, 24]},
			"faces": {
				"north": {"uv": [0, 0, 16, 1], "texture": "#6"},
				"east": {"uv": [0, 0, 8, 1], "texture": "#6"},
				"south": {"uv": [0, 0, 16, 1], "texture": "#6"},
				"west": {"uv": [0, 0, 8, 1], "texture": "#6"},
				"up": {"uv": [0, 0, 16, 8], "texture": "#6"},
				"down": {"uv": [0, 0, 16, 8], "texture": "#6"}
			}
		},
		{
			"name": "top",
			"from": [4, 6, 26],
			"to": [12, 7, 27],
			"rotation": {"angle": 0, "axis": "y", "origin": [12, 14, 34]},
			"faces": {
				"north": {"uv": [0, 0, 8, 1], "texture": "#3"},
				"east": {"uv": [0, 0, 1, 1], "texture": "#3"},
				"south": {"uv": [0, 0, 8, 1], "texture": "#3"},
				"west": {"uv": [0, 0, 1, 1], "texture": "#3"},
				"up": {"uv": [0, 0, 8, 1], "texture": "#3"},
				"down": {"uv": [0, 0, 8, 1], "texture": "#3"}
			}
		},
		{
			"name": "middle",
			"from": [4, 4, 26],
			"to": [12, 5, 27],
			"rotation": {"angle": 0, "axis": "y", "origin": [12, 12, 34]},
			"faces": {
				"north": {"uv": [0, 0, 8, 1], "texture": "#3"},
				"east": {"uv": [0, 0, 1, 1], "texture": "#3"},
				"south": {"uv": [0, 0, 8, 1], "texture": "#3"},
				"west": {"uv": [0, 0, 1, 1], "texture": "#3"},
				"up": {"uv": [0, 0, 8, 1], "texture": "#3"},
				"down": {"uv": [0, 0, 8, 1], "texture": "#3"}
			}
		},
		{
			"name": "bottom",
			"from": [4, 2, 26],
			"to": [12, 3, 27],
			"rotation": {"angle": 0, "axis": "y", "origin": [12, 10, 34]},
			"faces": {
				"north": {"uv": [0, 0, 8, 1], "texture": "#3"},
				"east": {"uv": [0, 0, 1, 1], "texture": "#3"},
				"south": {"uv": [0, 0, 8, 1], "texture": "#3"},
				"west": {"uv": [0, 0, 1, 1], "texture": "#3"},
				"up": {"uv": [0, 0, 8, 1], "texture": "#3"},
				"down": {"uv": [0, 0, 8, 1], "texture": "#3"}
			}
		},
		{
			"name": "right",
			"from": [4, 2, 26],
			"to": [5, 7, 27],
			"rotation": {"angle": 0, "axis": "y", "origin": [12, 14, 34]},
			"faces": {
				"north": {"uv": [0, 0, 1, 5], "texture": "#3"},
				"east": {"uv": [0, 0, 1, 5], "texture": "#3"},
				"south": {"uv": [0, 0, 1, 5], "texture": "#3"},
				"west": {"uv": [0, 0, 1, 5], "texture": "#3"},
				"up": {"uv": [0, 0, 1, 1], "texture": "#3"},
				"down": {"uv": [0, 0, 1, 1], "texture": "#3"}
			}
		},
		{
			"name": "left",
			"from": [11, 2, 26],
			"to": [12, 7, 27],
			"rotation": {"angle": 0, "axis": "y", "origin": [19, 14, 34]},
			"faces": {
				"north": {"uv": [0, 0, 1, 5], "texture": "#3"},
				"east": {"uv": [0, 0, 1, 5], "texture": "#3"},
				"south": {"uv": [0, 0, 1, 5], "texture": "#3"},
				"west": {"uv": [0, 0, 1, 5], "texture": "#3"},
				"up": {"uv": [0, 0, 1, 1], "texture": "#3"},
				"down": {"uv": [0, 0, 1, 1], "texture": "#3"}
			}
		},
		{
			"name": "right_light_back",
			"from": [-2, 2, 26],
			"to": [3, 7, 27],
			"rotation": {"angle": 0, "axis": "y", "origin": [6, 10, 34]},
			"faces": {
				"north": {"uv": [0, 0, 5, 5], "texture": "#4"},
				"east": {"uv": [0, 0, 1, 5], "texture": "#4"},
				"south": {"uv": [0, 0, 5, 5], "texture": "#4"},
				"west": {"uv": [0, 0, 1, 5], "texture": "#4"},
				"up": {"uv": [0, 0, 5, 1], "texture": "#4"},
				"down": {"uv": [0, 0, 5, 1], "texture": "#4"}
			}
		},
		{
			"name": "right_light_front",
			"from": [-1, 3, 26.5],
			"to": [2, 6, 27.5],
			"rotation": {"angle": 0, "axis": "y", "origin": [7, 11, 35]},
			"faces": {
				"north": {"uv": [0, 0, 3, 3], "texture": "#5"},
				"east": {"uv": [0, 0, 1, 3], "texture": "#5"},
				"south": {"uv": [0, 0, 3, 3], "texture": "#5"},
				"west": {"uv": [0, 0, 1, 3], "texture": "#5"},
				"up": {"uv": [0, 0, 3, 1], "texture": "#5"},
				"down": {"uv": [0, 0, 3, 1], "texture": "#5"}
			}
		},
		{
			"name": "left_light_back",
			"from": [13, 2, 26],
			"to": [18, 7, 27],
			"rotation": {"angle": 0, "axis": "y", "origin": [21, 10, 34]},
			"faces": {
				"north": {"uv": [0, 0, 5, 5], "texture": "#4"},
				"east": {"uv": [0, 0, 1, 5], "texture": "#4"},
				"south": {"uv": [0, 0, 5, 5], "texture": "#4"},
				"west": {"uv": [0, 0, 1, 5], "texture": "#4"},
				"up": {"uv": [0, 0, 5, 1], "texture": "#4"},
				"down": {"uv": [0, 0, 5, 1], "texture": "#4"}
			}
		},
		{
			"name": "left_light_front",
			"from": [14, 3, 26.5],
			"to": [17, 6, 27.5],
			"rotation": {"angle": 0, "axis": "y", "origin": [22, 11, 35]},
			"faces": {
				"north": {"uv": [0, 0, 3, 3], "texture": "#5"},
				"east": {"uv": [0, 0, 1, 3], "texture": "#5"},
				"south": {"uv": [0, 0, 3, 3], "texture": "#5"},
				"west": {"uv": [0, 0, 1, 3], "texture": "#5"},
				"up": {"uv": [0, 0, 3, 1], "texture": "#5"},
				"down": {"uv": [0, 0, 3, 1], "texture": "#5"}
			}
		},
		{
			"name": "right_light_back",
			"from": [-2, 2, -6],
			"to": [3, 7, -5],
			"rotation": {"angle": 0, "axis": "y", "origin": [6, 10, 2]},
			"faces": {
				"north": {"uv": [0, 0, 5, 5], "texture": "#4"},
				"east": {"uv": [0, 0, 1, 5], "texture": "#4"},
				"south": {"uv": [0, 0, 5, 5], "texture": "#4"},
				"west": {"uv": [0, 0, 1, 5], "texture": "#4"},
				"up": {"uv": [0, 0, 5, 1], "texture": "#4"},
				"down": {"uv": [0, 0, 5, 1], "texture": "#4"}
			}
		},
		{
			"name": "right_light_front",
			"from": [-1, 3, -6.5],
			"to": [2, 6, -5.5],
			"rotation": {"angle": 0, "axis": "y", "origin": [7, 11, 2]},
			"faces": {
				"north": {"uv": [0, 0, 3, 3], "texture": "#5"},
				"east": {"uv": [0, 0, 1, 3], "texture": "#5"},
				"south": {"uv": [0, 0, 3, 3], "texture": "#5"},
				"west": {"uv": [0, 0, 1, 3], "texture": "#5"},
				"up": {"uv": [0, 0, 3, 1], "texture": "#5"},
				"down": {"uv": [0, 0, 3, 1], "texture": "#5"}
			}
		},
		{
			"name": "left_light_back",
			"from": [13, 2, -6],
			"to": [18, 7, -5],
			"rotation": {"angle": 0, "axis": "y", "origin": [21, 10, 2]},
			"faces": {
				"north": {"uv": [0, 0, 5, 5], "texture": "#4"},
				"east": {"uv": [0, 0, 1, 5], "texture": "#4"},
				"south": {"uv": [0, 0, 5, 5], "texture": "#4"},
				"west": {"uv": [0, 0, 1, 5], "texture": "#4"},
				"up": {"uv": [0, 0, 5, 1], "texture": "#4"},
				"down": {"uv": [0, 0, 5, 1], "texture": "#4"}
			}
		},
		{
			"name": "left_light_front",
			"from": [14, 3, -6.5],
			"to": [17, 6, -5.5],
			"rotation": {"angle": 0, "axis": "y", "origin": [22, 11, 2]},
			"faces": {
				"north": {"uv": [0, 0, 3, 3], "texture": "#5"},
				"east": {"uv": [0, 0, 1, 3], "texture": "#5"},
				"south": {"uv": [0, 0, 3, 3], "texture": "#5"},
				"west": {"uv": [0, 0, 1, 3], "texture": "#5"},
				"up": {"uv": [0, 0, 3, 1], "texture": "#5"},
				"down": {"uv": [0, 0, 3, 1], "texture": "#5"}
			}
		},
		{
			"name": "floor",
			"from": [-1, -4, -3],
			"to": [17, -1, 24],
			"rotation": {"angle": 0, "axis": "y", "origin": [8, 5, 8]},
			"faces": {
				"north": {"uv": [0, 0, 16, 1], "texture": "#3"},
				"east": {"uv": [0, 0, 16, 1], "texture": "#3"},
				"south": {"uv": [0, 0, 16, 1], "texture": "#3"},
				"west": {"uv": [0, 0, 16, 1], "texture": "#3"},
				"up": {"uv": [0, 0, 16, 16], "texture": "#3"},
				"down": {"uv": [0, 0, 16, 16], "texture": "#3"}
			}
		},
		{
			"name": "steering-wheel-holder",
			"from": [7, 7, 15],
			"to": [9, 8, 17.5],
			"rotation": {"angle": 0, "axis": "y", "origin": [15, 15, 23]},
			"faces": {
				"north": {"uv": [0, 0, 2, 1], "texture": "#4"},
				"east": {"uv": [0, 0, 2.5, 1], "texture": "#4"},
				"south": {"uv": [0, 0, 2, 1], "texture": "#4"},
				"west": {"uv": [0, 0, 2.5, 1], "texture": "#4"},
				"up": {"uv": [0, 0, 2, 2.5], "texture": "#4"},
				"down": {"uv": [0, 0, 2, 2.5], "texture": "#4"}
			}
		},
		{
			"name": "hexadecagon",
			"from": [7.40326, 5, 14],
			"to": [8.59674, 11, 15],
			"rotation": {"angle": -45, "axis": "z", "origin": [8, 8, 13]},
			"faces": {
				"north": {"uv": [0, 0, 1, 1], "texture": "#3"},
				"east": {"uv": [0, 0, 1, 1], "texture": "#3"},
				"south": {"uv": [0, 0, 1, 1], "texture": "#3"},
				"west": {"uv": [0, 0, 1, 1], "texture": "#3"},
				"up": {"uv": [0, 0, 1, 1], "texture": "#3"},
				"down": {"uv": [0, 0, 1, 1], "texture": "#3"}
			}
		},
		{
			"name": "hexadecagon",
			"from": [7.40326, 5, 14],
			"to": [8.59674, 11, 15],
			"rotation": {"angle": -22.5, "axis": "z", "origin": [8, 8, 13]},
			"faces": {
				"north": {"uv": [0, 0, 1, 1], "texture": "#3"},
				"east": {"uv": [0, 0, 1, 1], "texture": "#3"},
				"south": {"uv": [0, 0, 1, 1], "texture": "#3"},
				"west": {"uv": [0, 0, 1, 1], "texture": "#3"},
				"up": {"uv": [0, 0, 1, 1], "texture": "#3"},
				"down": {"uv": [0, 0, 1, 1], "texture": "#3"}
			}
		},
		{
			"name": "hexadecagon",
			"from": [7.40326, 5, 14],
			"to": [8.59674, 11, 15],
			"rotation": {"angle": 0, "axis": "y", "origin": [8, 8, 13]},
			"faces": {
				"north": {"uv": [0, 0, 1, 1], "texture": "#3"},
				"east": {"uv": [0, 0, 1, 1], "texture": "#3"},
				"south": {"uv": [0, 0, 1, 1], "texture": "#3"},
				"west": {"uv": [0, 0, 1, 1], "texture": "#3"},
				"up": {"uv": [0, 0, 1, 1], "texture": "#3"},
				"down": {"uv": [0, 0, 1, 1], "texture": "#3"}
			}
		},
		{
			"name": "hexadecagon",
			"from": [7.40326, 5, 14],
			"to": [8.59674, 11, 15],
			"rotation": {"angle": 22.5, "axis": "z", "origin": [8, 8, 13]},
			"faces": {
				"north": {"uv": [0, 0, 1, 1], "texture": "#3"},
				"east": {"uv": [0, 0, 1, 1], "texture": "#3"},
				"south": {"uv": [0, 0, 1, 1], "texture": "#3"},
				"west": {"uv": [0, 0, 1, 1], "texture": "#3"},
				"up": {"uv": [0, 0, 1, 1], "texture": "#3"},
				"down": {"uv": [0, 0, 1, 1], "texture": "#3"}
			}
		},
		{
			"name": "hexadecagon",
			"from": [7.40326, 5, 14],
			"to": [8.59674, 11, 15],
			"rotation": {"angle": 45, "axis": "z", "origin": [8, 8, 13]},
			"faces": {
				"north": {"uv": [0, 0, 1, 1], "texture": "#3"},
				"east": {"uv": [0, 0, 1, 1], "texture": "#3"},
				"south": {"uv": [0, 0, 1, 1], "texture": "#3"},
				"west": {"uv": [0, 0, 1, 1], "texture": "#3"},
				"up": {"uv": [0, 0, 1, 1], "texture": "#3"},
				"down": {"uv": [0, 0, 1, 1], "texture": "#3"}
			}
		},
		{
			"name": "hexadecagon",
			"from": [5, 7.40326, 14],
			"to": [11, 8.59674, 15],
			"rotation": {"angle": -22.5, "axis": "z", "origin": [8, 8, 13]},
			"faces": {
				"north": {"uv": [0, 0, 1, 1], "texture": "#3"},
				"east": {"uv": [0, 0, 1, 1], "texture": "#3"},
				"south": {"uv": [0, 0, 1, 1], "texture": "#3"},
				"west": {"uv": [0, 0, 1, 1], "texture": "#3"},
				"up": {"uv": [0, 0, 1, 1], "texture": "#3"},
				"down": {"uv": [0, 0, 1, 1], "texture": "#3"}
			}
		},
		{
			"name": "hexadecagon",
			"from": [5, 7.40326, 14],
			"to": [11, 8.59674, 15],
			"rotation": {"angle": 0, "axis": "y", "origin": [8, 8, 13]},
			"faces": {
				"north": {"uv": [0, 0, 1, 1], "texture": "#3"},
				"east": {"uv": [0, 0, 1, 1], "texture": "#3"},
				"south": {"uv": [0, 0, 1, 1], "texture": "#3"},
				"west": {"uv": [0, 0, 1, 1], "texture": "#3"},
				"up": {"uv": [0, 0, 1, 1], "texture": "#3"},
				"down": {"uv": [0, 0, 1, 1], "texture": "#3"}
			}
		},
		{
			"name": "hexadecagon",
			"from": [5, 7.40326, 14],
			"to": [11, 8.59674, 15],
			"rotation": {"angle": 22.5, "axis": "z", "origin": [8, 8, 13]},
			"faces": {
				"north": {"uv": [0, 0, 1, 1], "texture": "#3"},
				"east": {"uv": [0, 0, 1, 1], "texture": "#3"},
				"south": {"uv": [0, 0, 1, 1], "texture": "#3"},
				"west": {"uv": [0, 0, 1, 1], "texture": "#3"},
				"up": {"uv": [0, 0, 1, 1], "texture": "#3"},
				"down": {"uv": [0, 0, 1, 1], "texture": "#3"}
			}
		},
		{
			"name": "front-bumper",
			"from": [-4, -4.3, 23.5],
			"to": [20, -0.3, 27.5],
			"rotation": {"angle": 0, "axis": "y", "origin": [4, 3, 34]},
			"faces": {
				"north": {"uv": [0, 0, 16, 4], "texture": "#3"},
				"east": {"uv": [0, 0, 4, 4], "texture": "#3"},
				"south": {"uv": [0, 0, 16, 4], "texture": "#3"},
				"west": {"uv": [0, 0, 4, 4], "texture": "#3"},
				"up": {"uv": [0, 0, 16, 4], "texture": "#3"},
				"down": {"uv": [0, 0, 16, 4], "texture": "#3"}
			}
		},
		{
			"name": "back-bumper",
			"from": [-4, -4.3, -6.5],
			"to": [20, -0.3, -2.5],
			"rotation": {"angle": 0, "axis": "y", "origin": [4, 3, 4]},
			"faces": {
				"north": {"uv": [0, 0, 16, 4], "texture": "#3"},
				"east": {"uv": [0, 0, 4, 4], "texture": "#3"},
				"south": {"uv": [0, 0, 16, 4], "texture": "#3"},
				"west": {"uv": [0, 0, 4, 4], "texture": "#3"},
				"up": {"uv": [0, 0, 16, 4], "texture": "#3"},
				"down": {"uv": [0, 0, 16, 4], "texture": "#3"}
			}
		},
		{
			"name": "back-plate",
			"from": [4, -3.8, -7],
			"to": [12, -0.8, -6],
			"rotation": {"angle": 0, "axis": "y", "origin": [9, 4, 1]},
			"faces": {
				"north": {"uv": [0, 0, 8, 3], "texture": "#4"},
				"east": {"uv": [0, 0, 1, 3], "texture": "#4"},
				"south": {"uv": [0, 0, 8, 3], "texture": "#4"},
				"west": {"uv": [0, 0, 1, 3], "texture": "#4"},
				"up": {"uv": [0, 0, 8, 1], "texture": "#4"},
				"down": {"uv": [0, 0, 8, 1], "texture": "#4"}
			}
		},
		{
			"name": "front-plate",
			"from": [4, -3.8, 27],
			"to": [12, -0.8, 28],
			"rotation": {"angle": 0, "axis": "y", "origin": [9, 4, 35]},
			"faces": {
				"north": {"uv": [0, 0, 8, 3], "texture": "#4"},
				"east": {"uv": [0, 0, 1, 3], "texture": "#4"},
				"south": {"uv": [0, 0, 8, 3], "texture": "#4"},
				"west": {"uv": [0, 0, 1, 3], "texture": "#4"},
				"up": {"uv": [0, 0, 8, 1], "texture": "#4"},
				"down": {"uv": [0, 0, 8, 1], "texture": "#4"}
			}
		},
		{
			"name": "exhaust",
			"from": [-1, -3.75, -10],
			"to": [1, -1.75, -5],
			"rotation": {"angle": 0, "axis": "y", "origin": [-1, 4, 2]},
			"faces": {
				"north": {"uv": [0, 0, 2, 2], "texture": "#4"},
				"east": {"uv": [0, 0, 5, 2], "texture": "#4"},
				"south": {"uv": [0, 0, 2, 2], "texture": "#4"},
				"west": {"uv": [0, 0, 5, 2], "texture": "#4"},
				"up": {"uv": [0, 0, 2, 5], "texture": "#4"},
				"down": {"uv": [0, 0, 2, 5], "texture": "#4"}
			}
		},
		{
			"name": "right-handle",
			"from": [-4, 6, 0],
			"to": [-3, 7, 3],
			"rotation": {"angle": 0, "axis": "y", "origin": [4, 14, 10]},
			"faces": {
				"north": {"uv": [0, 0, 1, 1], "texture": "#3"},
				"east": {"uv": [0, 0, 3, 1], "texture": "#3"},
				"south": {"uv": [0, 0, 1, 1], "texture": "#3"},
				"west": {"uv": [0, 0, 3, 1], "texture": "#3"},
				"up": {"uv": [0, 0, 1, 3], "texture": "#3"},
				"down": {"uv": [0, 0, 1, 3], "texture": "#3"}
			}
		},
		{
			"name": "left-handle",
			"from": [19, 6, 0],
			"to": [20, 7, 3],
			"rotation": {"angle": 0, "axis": "y", "origin": [27, 14, 10]},
			"faces": {
				"north": {"uv": [0, 0, 1, 1], "texture": "#3"},
				"east": {"uv": [0, 0, 3, 1], "texture": "#3"},
				"south": {"uv": [0, 0, 1, 1], "texture": "#3"},
				"west": {"uv": [0, 0, 3, 1], "texture": "#3"},
				"up": {"uv": [0, 0, 1, 3], "texture": "#3"},
				"down": {"uv": [0, 0, 1, 3], "texture": "#3"}
			}
		},
		{
			"name": "pedal",
			"from": [10.2, -6, 15],
			"to": [11.7, -3, 16],
			"rotation": {"angle": 22.5, "axis": "x", "origin": [19.2, -4, 27]},
			"faces": {
				"north": {"uv": [0, 2, 1.5, 5], "rotation": 180, "texture": "#4"},
				"east": {"uv": [2, 0, 5, 1], "rotation": 270, "texture": "#4"},
				"south": {"uv": [0, 2, 1.5, 5], "texture": "#4"},
				"west": {"uv": [2, 0, 5, 1], "rotation": 90, "texture": "#4"},
				"up": {"uv": [0, 1, 1.5, 2], "texture": "#4"},
				"down": {"uv": [0, 1, 1.5, 2], "rotation": 180, "texture": "#4"}
			}
		},
		{
			"name": "pedal",
			"from": [4.2, -6, 15],
			"to": [5.7, -3, 16],
			"rotation": {"angle": 22.5, "axis": "x", "origin": [13.2, -4, 27]},
			"faces": {
				"north": {"uv": [0, 2, 1.5, 5], "rotation": 180, "texture": "#4"},
				"east": {"uv": [2, 0, 5, 1], "rotation": 270, "texture": "#4"},
				"south": {"uv": [0, 2, 1.5, 5], "texture": "#4"},
				"west": {"uv": [2, 0, 5, 1], "rotation": 90, "texture": "#4"},
				"up": {"uv": [0, 1, 1.5, 2], "texture": "#4"},
				"down": {"uv": [0, 1, 1.5, 2], "rotation": 180, "texture": "#4"}
			}
		},
		{
			"name": "pedal",
			"from": [7.2, -6, 15],
			"to": [8.7, -3, 16],
			"rotation": {"angle": 22.5, "axis": "x", "origin": [16.2, -4, 27]},
			"faces": {
				"north": {"uv": [0, 2, 1.5, 5], "rotation": 180, "texture": "#4"},
				"east": {"uv": [2, 0, 5, 1], "rotation": 270, "texture": "#4"},
				"south": {"uv": [0, 2, 1.5, 5], "texture": "#4"},
				"west": {"uv": [2, 0, 5, 1], "rotation": 90, "texture": "#4"},
				"up": {"uv": [0, 1, 1.5, 2], "texture": "#4"},
				"down": {"uv": [0, 1, 1.5, 2], "rotation": 180, "texture": "#4"}
			}
		},
		{
			"name": "mirror",
			"from": [-5, 12, 15],
			"to": [-3, 14, 16],
			"rotation": {"angle": -22.5, "axis": "x", "origin": [4, 14, 23]},
			"faces": {
				"north": {"uv": [0, 0, 2, 2], "rotation": 180, "texture": "#4"},
				"east": {"uv": [0, 0, 2, 1], "rotation": 270, "texture": "#4"},
				"south": {"uv": [0, 0, 2, 2], "texture": "#4"},
				"west": {"uv": [0, 0, 2, 1], "rotation": 90, "texture": "#4"},
				"up": {"uv": [0, 0, 2, 1], "rotation": 180, "texture": "#4"},
				"down": {"uv": [0, 0, 2, 1], "texture": "#4"}
			}
		},
		{
			"name": "mirror",
			"from": [19, 12, 15],
			"to": [21, 14, 16],
			"rotation": {"angle": -22.5, "axis": "x", "origin": [28, 14, 23]},
			"faces": {
				"north": {"uv": [0, 0, 2, 2], "rotation": 180, "texture": "#4"},
				"east": {"uv": [0, 0, 2, 1], "rotation": 270, "texture": "#4"},
				"south": {"uv": [0, 0, 2, 2], "texture": "#4"},
				"west": {"uv": [0, 0, 2, 1], "rotation": 90, "texture": "#4"},
				"up": {"uv": [0, 0, 2, 1], "rotation": 180, "texture": "#4"},
				"down": {"uv": [0, 0, 2, 1], "texture": "#4"}
			}
		},
		{
			"from": [19.76826, -1.01806, 16.99328],
			"to": [20.5497, 0.54482, 19.3376],
			"rotation": {"angle": 0, "axis": "y", "origin": [28.3641, 2.1077, 24.80768]},
			"faces": {
				"north": {"uv": [0, 0, 1, 2], "texture": "#4"},
				"east": {"uv": [0, 0, 3, 2], "texture": "#4"},
				"south": {"uv": [0, 0, 1, 2], "texture": "#4"},
				"west": {"uv": [0, 0, 3, 2], "texture": "#4"},
				"up": {"uv": [0, 0, 1, 3], "texture": "#4"},
				"down": {"uv": [0, 0, 1, 3], "texture": "#4"}
			}
		},
		{
			"from": [19.76826, -5.08155, 16.99328],
			"to": [20.5497, -3.51867, 19.3376],
			"rotation": {"angle": 0, "axis": "y", "origin": [28.3641, -1.95579, 24.80768]},
			"faces": {
				"north": {"uv": [0, 0, 1, 2], "texture": "#4"},
				"east": {"uv": [0, 0, 3, 2], "texture": "#4"},
				"south": {"uv": [0, 0, 1, 2], "texture": "#4"},
				"west": {"uv": [0, 0, 3, 2], "texture": "#4"},
				"up": {"uv": [0, 0, 1, 3], "texture": "#4"},
				"down": {"uv": [0, 0, 1, 3], "texture": "#4"}
			}
		},
		{
			"from": [19.76826, 2.3812, 11.91392],
			"to": [20.5497, 3.94408, 14.25824],
			"rotation": {"angle": -45, "axis": "x", "origin": [28.3641, 5.50696, 19.72832]},
			"faces": {
				"north": {"uv": [0, 0, 1, 2], "texture": "#4"},
				"east": {"uv": [0, 0, 3, 2], "texture": "#4"},
				"south": {"uv": [0, 0, 1, 2], "texture": "#4"},
				"west": {"uv": [0, 0, 3, 2], "texture": "#4"},
				"up": {"uv": [0, 0, 1, 3], "texture": "#4"},
				"down": {"uv": [0, 0, 1, 3], "texture": "#4"}
			}
		},
		{
			"from": [19.76826, -0.51013, 14.88339],
			"to": [20.5497, 1.05275, 17.22771],
			"rotation": {"angle": -45, "axis": "x", "origin": [28.3641, 2.61563, 22.69779]},
			"faces": {
				"north": {"uv": [0, 0, 1, 2], "texture": "#4"},
				"east": {"uv": [0, 0, 3, 2], "texture": "#4"},
				"south": {"uv": [0, 0, 1, 2], "texture": "#4"},
				"west": {"uv": [0, 0, 3, 2], "texture": "#4"},
				"up": {"uv": [0, 0, 1, 3], "texture": "#4"},
				"down": {"uv": [0, 0, 1, 3], "texture": "#4"}
			}
		},
		{
			"from": [19.76826, 1.59976, 22.85408],
			"to": [20.5497, 3.94408, 24.41696],
			"rotation": {"angle": -45, "axis": "x", "origin": [28.3641, -3.87032, 25.97984]},
			"faces": {
				"north": {"uv": [0, 0, 1, 3], "rotation": 180, "texture": "#4"},
				"east": {"uv": [0, 0, 3, 2], "rotation": 270, "texture": "#4"},
				"south": {"uv": [0, 0, 1, 3], "texture": "#4"},
				"west": {"uv": [0, 0, 3, 2], "rotation": 90, "texture": "#4"},
				"up": {"uv": [0, 0, 1, 2], "rotation": 180, "texture": "#4"},
				"down": {"uv": [0, 0, 1, 2], "texture": "#4"}
			}
		},
		{
			"from": [19.76826, -1.29157, 19.88461],
			"to": [20.5497, 1.05275, 21.44749],
			"rotation": {"angle": -45, "axis": "x", "origin": [28.3641, -6.76165, 23.01037]},
			"faces": {
				"north": {"uv": [0, 0, 1, 3], "rotation": 180, "texture": "#4"},
				"east": {"uv": [0, 0, 3, 2], "rotation": 270, "texture": "#4"},
				"south": {"uv": [0, 0, 1, 3], "texture": "#4"},
				"west": {"uv": [0, 0, 3, 2], "rotation": 90, "texture": "#4"},
				"up": {"uv": [0, 0, 1, 2], "rotation": 180, "texture": "#4"},
				"down": {"uv": [0, 0, 1, 2], "texture": "#4"}
			}
		},
		{
			"from": [19.76826, -3.4796, 15.31318],
			"to": [20.5497, -1.13528, 16.87606],
			"rotation": {"angle": 0, "axis": "y", "origin": [28.3641, 3.94408, 24.29974]},
			"faces": {
				"north": {"uv": [0, 0, 1, 3], "rotation": 180, "texture": "#4"},
				"east": {"uv": [0, 0, 3, 2], "rotation": 90, "texture": "#4"},
				"south": {"uv": [0, 0, 1, 3], "texture": "#4"},
				"west": {"uv": [0, 0, 3, 2], "rotation": 270, "texture": "#4"},
				"up": {"uv": [0, 0, 1, 2], "texture": "#4"},
				"down": {"uv": [0, 0, 1, 2], "rotation": 180, "texture": "#4"}
			}
		},
		{
			"from": [19.76826, -3.4796, 19.45482],
			"to": [20.5497, -1.13528, 21.0177],
			"rotation": {"angle": 0, "axis": "y", "origin": [28.3641, 3.94408, 28.44138]},
			"faces": {
				"north": {"uv": [0, 0, 1, 3], "rotation": 180, "texture": "#4"},
				"east": {"uv": [0, 0, 3, 2], "rotation": 90, "texture": "#4"},
				"south": {"uv": [0, 0, 1, 3], "texture": "#4"},
				"west": {"uv": [0, 0, 3, 2], "rotation": 270, "texture": "#4"},
				"up": {"uv": [0, 0, 1, 2], "texture": "#4"},
				"down": {"uv": [0, 0, 1, 2], "rotation": 180, "texture": "#4"}
			}
		},
		{
			"from": [19.76826, -4.1996, 16.09482],
			"to": [20.5497, -0.65528, 20.0577],
			"rotation": {"angle": 0, "axis": "y", "origin": [28.3641, 3.22408, 25.08138]},
			"faces": {
				"north": {"uv": [0, 0, 1, 3], "rotation": 180, "texture": "#4"},
				"east": {"uv": [0, 0, 3, 2], "rotation": 90, "texture": "#4"},
				"south": {"uv": [0, 0, 1, 3], "texture": "#4"},
				"west": {"uv": [0, 0, 3, 2], "rotation": 270, "texture": "#4"},
				"up": {"uv": [0, 0, 1, 2], "texture": "#4"},
				"down": {"uv": [0, 0, 1, 2], "rotation": 180, "texture": "#4"}
			}
		},
		{
			"from": [16.08, -0.17, 16.4],
			"to": [19.88, 2.23, 20],
			"rotation": {"angle": 0, "axis": "y", "origin": [28.28, 4.63, 28.4]},
			"faces": {
				"north": {"uv": [0, 0, 4, 2], "texture": "#3"},
				"east": {"uv": [0, 0, 3, 2], "texture": "#3"},
				"south": {"uv": [0, 0, 4, 2], "texture": "#3"},
				"west": {"uv": [0, 0, 3, 2], "texture": "#3"},
				"up": {"uv": [0, 0, 4, 3], "texture": "#3"},
				"down": {"uv": [0, 0, 4, 3], "texture": "#3"}
			}
		},
		{
			"from": [16.08, -6.41, 16.4],
			"to": [19.88, -4.01, 20],
			"rotation": {"angle": 0, "axis": "y", "origin": [28.28, -1.61, 28.4]},
			"faces": {
				"north": {"uv": [0, 0, 4, 2], "texture": "#3"},
				"east": {"uv": [0, 0, 3, 2], "texture": "#3"},
				"south": {"uv": [0, 0, 4, 2], "texture": "#3"},
				"west": {"uv": [0, 0, 3, 2], "texture": "#3"},
				"up": {"uv": [0, 0, 4, 3], "texture": "#3"},
				"down": {"uv": [0, 0, 4, 3], "texture": "#3"}
			}
		},
		{
			"from": [16.08, 5.05, 8.6],
			"to": [19.88, 7.45, 12.2],
			"rotation": {"angle": -45, "axis": "x", "origin": [28.28, 9.85, 20.6]},
			"faces": {
				"north": {"uv": [0, 0, 4, 2], "texture": "#3"},
				"east": {"uv": [0, 0, 3, 2], "texture": "#3"},
				"south": {"uv": [0, 0, 4, 2], "texture": "#3"},
				"west": {"uv": [0, 0, 3, 2], "texture": "#3"},
				"up": {"uv": [0, 0, 4, 3], "texture": "#3"},
				"down": {"uv": [0, 0, 4, 3], "texture": "#3"}
			}
		},
		{
			"from": [16.08, 0.61, 13.16],
			"to": [19.88, 3.01, 16.76],
			"rotation": {"angle": -45, "axis": "x", "origin": [28.28, 5.41, 25.16]},
			"faces": {
				"north": {"uv": [0, 0, 4, 2], "texture": "#3"},
				"east": {"uv": [0, 0, 3, 2], "texture": "#3"},
				"south": {"uv": [0, 0, 4, 2], "texture": "#3"},
				"west": {"uv": [0, 0, 3, 2], "texture": "#3"},
				"up": {"uv": [0, 0, 4, 3], "texture": "#3"},
				"down": {"uv": [0, 0, 4, 3], "texture": "#3"}
			}
		},
		{
			"from": [16.08, 3.85, 25.4],
			"to": [19.88, 7.45, 27.8],
			"rotation": {"angle": -45, "axis": "x", "origin": [28.28, -4.55, 30.2]},
			"faces": {
				"north": {"uv": [0, 0, 4, 3], "rotation": 180, "texture": "#3"},
				"east": {"uv": [0, 0, 3, 2], "rotation": 270, "texture": "#3"},
				"south": {"uv": [0, 0, 4, 3], "texture": "#3"},
				"west": {"uv": [0, 0, 3, 2], "rotation": 90, "texture": "#3"},
				"up": {"uv": [0, 0, 4, 2], "rotation": 180, "texture": "#3"},
				"down": {"uv": [0, 0, 4, 2], "texture": "#3"}
			}
		},
		{
			"from": [16.08, -0.59, 20.84],
			"to": [19.88, 3.01, 23.24],
			"rotation": {"angle": -45, "axis": "x", "origin": [28.28, -8.99, 25.64]},
			"faces": {
				"north": {"uv": [0, 0, 4, 3], "rotation": 180, "texture": "#3"},
				"east": {"uv": [0, 0, 3, 2], "rotation": 270, "texture": "#3"},
				"south": {"uv": [0, 0, 4, 3], "texture": "#3"},
				"west": {"uv": [0, 0, 3, 2], "rotation": 90, "texture": "#3"},
				"up": {"uv": [0, 0, 4, 2], "rotation": 180, "texture": "#3"},
				"down": {"uv": [0, 0, 4, 2], "texture": "#3"}
			}
		},
		{
			"from": [16.08, -3.95, 13.82],
			"to": [19.88, -0.35, 16.22],
			"rotation": {"angle": 0, "axis": "y", "origin": [28.28, 7.45, 27.62]},
			"faces": {
				"north": {"uv": [0, 0, 4, 3], "rotation": 180, "texture": "#3"},
				"east": {"uv": [0, 0, 3, 2], "rotation": 90, "texture": "#3"},
				"south": {"uv": [0, 0, 4, 3], "texture": "#3"},
				"west": {"uv": [0, 0, 3, 2], "rotation": 270, "texture": "#3"},
				"up": {"uv": [0, 0, 4, 2], "texture": "#3"},
				"down": {"uv": [0, 0, 4, 2], "rotation": 180, "texture": "#3"}
			}
		},
		{
			"from": [16.08, -3.95, 20.18],
			"to": [19.88, -0.35, 22.58],
			"rotation": {"angle": 0, "axis": "y", "origin": [28.28, 7.45, 33.98]},
			"faces": {
				"north": {"uv": [0, 0, 4, 3], "rotation": 180, "texture": "#3"},
				"east": {"uv": [0, 0, 3, 2], "rotation": 90, "texture": "#3"},
				"south": {"uv": [0, 0, 4, 3], "texture": "#3"},
				"west": {"uv": [0, 0, 3, 2], "rotation": 270, "texture": "#3"},
				"up": {"uv": [0, 0, 4, 2], "texture": "#3"},
				"down": {"uv": [0, 0, 4, 2], "rotation": 180, "texture": "#3"}
			}
		},
		{
			"from": [19.68, -4.85, 16.04],
			"to": [19.88, -0.05, 20.84],
			"rotation": {"angle": 0, "axis": "y", "origin": [28.28, 4.75, 25.64]},
			"faces": {
				"north": {"uv": [0, 0, 1, 4], "texture": "#3"},
				"east": {"uv": [0, 0, 4, 4], "texture": "#3"},
				"south": {"uv": [0, 0, 1, 4], "texture": "#3"},
				"west": {"uv": [0, 0, 4, 4], "texture": "#3"},
				"up": {"uv": [0, 0, 1, 4], "texture": "#3"},
				"down": {"uv": [0, 0, 1, 4], "texture": "#3"}
			}
		},
		{
			"from": [19.66826, -1.01806, 1.99328],
			"to": [20.4497, 0.54482, 4.3376],
			"rotation": {"angle": 0, "axis": "y", "origin": [28.2641, 2.1077, 9.80768]},
			"faces": {
				"north": {"uv": [0, 0, 1, 2], "texture": "#4"},
				"east": {"uv": [0, 0, 3, 2], "texture": "#4"},
				"south": {"uv": [0, 0, 1, 2], "texture": "#4"},
				"west": {"uv": [0, 0, 3, 2], "texture": "#4"},
				"up": {"uv": [0, 0, 1, 3], "texture": "#4"},
				"down": {"uv": [0, 0, 1, 3], "texture": "#4"}
			}
		},
		{
			"from": [19.66826, -5.08155, 1.99328],
			"to": [20.4497, -3.51867, 4.3376],
			"rotation": {"angle": 0, "axis": "y", "origin": [28.2641, -1.95579, 9.80768]},
			"faces": {
				"north": {"uv": [0, 0, 1, 2], "texture": "#4"},
				"east": {"uv": [0, 0, 3, 2], "texture": "#4"},
				"south": {"uv": [0, 0, 1, 2], "texture": "#4"},
				"west": {"uv": [0, 0, 3, 2], "texture": "#4"},
				"up": {"uv": [0, 0, 1, 3], "texture": "#4"},
				"down": {"uv": [0, 0, 1, 3], "texture": "#4"}
			}
		},
		{
			"from": [19.66826, 2.3812, -3.08608],
			"to": [20.4497, 3.94408, -0.74176],
			"rotation": {"angle": -45, "axis": "x", "origin": [28.2641, 5.50696, 4.72832]},
			"faces": {
				"north": {"uv": [0, 0, 1, 2], "texture": "#4"},
				"east": {"uv": [0, 0, 3, 2], "texture": "#4"},
				"south": {"uv": [0, 0, 1, 2], "texture": "#4"},
				"west": {"uv": [0, 0, 3, 2], "texture": "#4"},
				"up": {"uv": [0, 0, 1, 3], "texture": "#4"},
				"down": {"uv": [0, 0, 1, 3], "texture": "#4"}
			}
		},
		{
			"from": [19.66826, -0.51013, -0.11661],
			"to": [20.4497, 1.05275, 2.22771],
			"rotation": {"angle": -45, "axis": "x", "origin": [28.2641, 2.61563, 7.69779]},
			"faces": {
				"north": {"uv": [0, 0, 1, 2], "texture": "#4"},
				"east": {"uv": [0, 0, 3, 2], "texture": "#4"},
				"south": {"uv": [0, 0, 1, 2], "texture": "#4"},
				"west": {"uv": [0, 0, 3, 2], "texture": "#4"},
				"up": {"uv": [0, 0, 1, 3], "texture": "#4"},
				"down": {"uv": [0, 0, 1, 3], "texture": "#4"}
			}
		},
		{
			"from": [19.66826, 1.59976, 7.85408],
			"to": [20.4497, 3.94408, 9.41696],
			"rotation": {"angle": -45, "axis": "x", "origin": [28.2641, -3.87032, 10.97984]},
			"faces": {
				"north": {"uv": [0, 0, 1, 3], "rotation": 180, "texture": "#4"},
				"east": {"uv": [0, 0, 3, 2], "rotation": 270, "texture": "#4"},
				"south": {"uv": [0, 0, 1, 3], "texture": "#4"},
				"west": {"uv": [0, 0, 3, 2], "rotation": 90, "texture": "#4"},
				"up": {"uv": [0, 0, 1, 2], "rotation": 180, "texture": "#4"},
				"down": {"uv": [0, 0, 1, 2], "texture": "#4"}
			}
		},
		{
			"from": [19.66826, -1.29157, 4.88461],
			"to": [20.4497, 1.05275, 6.44749],
			"rotation": {"angle": -45, "axis": "x", "origin": [28.2641, -6.76165, 8.01037]},
			"faces": {
				"north": {"uv": [0, 0, 1, 3], "rotation": 180, "texture": "#4"},
				"east": {"uv": [0, 0, 3, 2], "rotation": 270, "texture": "#4"},
				"south": {"uv": [0, 0, 1, 3], "texture": "#4"},
				"west": {"uv": [0, 0, 3, 2], "rotation": 90, "texture": "#4"},
				"up": {"uv": [0, 0, 1, 2], "rotation": 180, "texture": "#4"},
				"down": {"uv": [0, 0, 1, 2], "texture": "#4"}
			}
		},
		{
			"from": [19.66826, -3.4796, 0.31318],
			"to": [20.4497, -1.13528, 1.87606],
			"rotation": {"angle": 0, "axis": "y", "origin": [28.2641, 3.94408, 9.29974]},
			"faces": {
				"north": {"uv": [0, 0, 1, 3], "rotation": 180, "texture": "#4"},
				"east": {"uv": [0, 0, 3, 2], "rotation": 90, "texture": "#4"},
				"south": {"uv": [0, 0, 1, 3], "texture": "#4"},
				"west": {"uv": [0, 0, 3, 2], "rotation": 270, "texture": "#4"},
				"up": {"uv": [0, 0, 1, 2], "texture": "#4"},
				"down": {"uv": [0, 0, 1, 2], "rotation": 180, "texture": "#4"}
			}
		},
		{
			"from": [19.66826, -3.4796, 4.45482],
			"to": [20.4497, -1.13528, 6.0177],
			"rotation": {"angle": 0, "axis": "y", "origin": [28.2641, 3.94408, 13.44138]},
			"faces": {
				"north": {"uv": [0, 0, 1, 3], "rotation": 180, "texture": "#4"},
				"east": {"uv": [0, 0, 3, 2], "rotation": 90, "texture": "#4"},
				"south": {"uv": [0, 0, 1, 3], "texture": "#4"},
				"west": {"uv": [0, 0, 3, 2], "rotation": 270, "texture": "#4"},
				"up": {"uv": [0, 0, 1, 2], "texture": "#4"},
				"down": {"uv": [0, 0, 1, 2], "rotation": 180, "texture": "#4"}
			}
		},
		{
			"from": [19.66826, -4.1996, 1.09482],
			"to": [20.4497, -0.65528, 5.0577],
			"rotation": {"angle": 0, "axis": "y", "origin": [28.2641, 3.22408, 10.08138]},
			"faces": {
				"north": {"uv": [0, 0, 1, 3], "rotation": 180, "texture": "#4"},
				"east": {"uv": [0, 0, 3, 2], "rotation": 90, "texture": "#4"},
				"south": {"uv": [0, 0, 1, 3], "texture": "#4"},
				"west": {"uv": [0, 0, 3, 2], "rotation": 270, "texture": "#4"},
				"up": {"uv": [0, 0, 1, 2], "texture": "#4"},
				"down": {"uv": [0, 0, 1, 2], "rotation": 180, "texture": "#4"}
			}
		},
		{
			"from": [16.08, -0.17, 1.4],
			"to": [19.88, 2.23, 5],
			"rotation": {"angle": 0, "axis": "y", "origin": [28.28, 4.63, 13.4]},
			"faces": {
				"north": {"uv": [0, 0, 4, 2], "texture": "#3"},
				"east": {"uv": [0, 0, 3, 2], "texture": "#3"},
				"south": {"uv": [0, 0, 4, 2], "texture": "#3"},
				"west": {"uv": [0, 0, 3, 2], "texture": "#3"},
				"up": {"uv": [0, 0, 4, 3], "texture": "#3"},
				"down": {"uv": [0, 0, 4, 3], "texture": "#3"}
			}
		},
		{
			"from": [16.08, -6.41, 1.4],
			"to": [19.88, -4.01, 5],
			"rotation": {"angle": 0, "axis": "y", "origin": [28.28, -1.61, 13.4]},
			"faces": {
				"north": {"uv": [0, 0, 4, 2], "texture": "#3"},
				"east": {"uv": [0, 0, 3, 2], "texture": "#3"},
				"south": {"uv": [0, 0, 4, 2], "texture": "#3"},
				"west": {"uv": [0, 0, 3, 2], "texture": "#3"},
				"up": {"uv": [0, 0, 4, 3], "texture": "#3"},
				"down": {"uv": [0, 0, 4, 3], "texture": "#3"}
			}
		},
		{
			"from": [16.08, 5.05, -6.4],
			"to": [19.88, 7.45, -2.8],
			"rotation": {"angle": -45, "axis": "x", "origin": [28.28, 9.85, 5.6]},
			"faces": {
				"north": {"uv": [0, 0, 4, 2], "texture": "#3"},
				"east": {"uv": [0, 0, 3, 2], "texture": "#3"},
				"south": {"uv": [0, 0, 4, 2], "texture": "#3"},
				"west": {"uv": [0, 0, 3, 2], "texture": "#3"},
				"up": {"uv": [0, 0, 4, 3], "texture": "#3"},
				"down": {"uv": [0, 0, 4, 3], "texture": "#3"}
			}
		},
		{
			"from": [16.08, 0.61, -1.84],
			"to": [19.88, 3.01, 1.76],
			"rotation": {"angle": -45, "axis": "x", "origin": [28.28, 5.41, 10.16]},
			"faces": {
				"north": {"uv": [0, 0, 4, 2], "texture": "#3"},
				"east": {"uv": [0, 0, 3, 2], "texture": "#3"},
				"south": {"uv": [0, 0, 4, 2], "texture": "#3"},
				"west": {"uv": [0, 0, 3, 2], "texture": "#3"},
				"up": {"uv": [0, 0, 4, 3], "texture": "#3"},
				"down": {"uv": [0, 0, 4, 3], "texture": "#3"}
			}
		},
		{
			"from": [16.08, 3.85, 10.4],
			"to": [19.88, 7.45, 12.8],
			"rotation": {"angle": -45, "axis": "x", "origin": [28.28, -4.55, 15.2]},
			"faces": {
				"north": {"uv": [0, 0, 4, 3], "rotation": 180, "texture": "#3"},
				"east": {"uv": [0, 0, 3, 2], "rotation": 270, "texture": "#3"},
				"south": {"uv": [0, 0, 4, 3], "texture": "#3"},
				"west": {"uv": [0, 0, 3, 2], "rotation": 90, "texture": "#3"},
				"up": {"uv": [0, 0, 4, 2], "rotation": 180, "texture": "#3"},
				"down": {"uv": [0, 0, 4, 2], "texture": "#3"}
			}
		},
		{
			"from": [16.08, -0.59, 5.84],
			"to": [19.88, 3.01, 8.24],
			"rotation": {"angle": -45, "axis": "x", "origin": [28.28, -8.99, 10.64]},
			"faces": {
				"north": {"uv": [0, 0, 4, 3], "rotation": 180, "texture": "#3"},
				"east": {"uv": [0, 0, 3, 2], "rotation": 270, "texture": "#3"},
				"south": {"uv": [0, 0, 4, 3], "texture": "#3"},
				"west": {"uv": [0, 0, 3, 2], "rotation": 90, "texture": "#3"},
				"up": {"uv": [0, 0, 4, 2], "rotation": 180, "texture": "#3"},
				"down": {"uv": [0, 0, 4, 2], "texture": "#3"}
			}
		},
		{
			"from": [16.08, -3.95, -1.18],
			"to": [19.88, -0.35, 1.22],
			"rotation": {"angle": 0, "axis": "y", "origin": [28.28, 7.45, 12.62]},
			"faces": {
				"north": {"uv": [0, 0, 4, 3], "rotation": 180, "texture": "#3"},
				"east": {"uv": [0, 0, 3, 2], "rotation": 90, "texture": "#3"},
				"south": {"uv": [0, 0, 4, 3], "texture": "#3"},
				"west": {"uv": [0, 0, 3, 2], "rotation": 270, "texture": "#3"},
				"up": {"uv": [0, 0, 4, 2], "texture": "#3"},
				"down": {"uv": [0, 0, 4, 2], "rotation": 180, "texture": "#3"}
			}
		},
		{
			"from": [16.08, -3.95, 5.18],
			"to": [19.88, -0.35, 7.58],
			"rotation": {"angle": 0, "axis": "y", "origin": [28.28, 7.45, 18.98]},
			"faces": {
				"north": {"uv": [0, 0, 4, 3], "rotation": 180, "texture": "#3"},
				"east": {"uv": [0, 0, 3, 2], "rotation": 90, "texture": "#3"},
				"south": {"uv": [0, 0, 4, 3], "texture": "#3"},
				"west": {"uv": [0, 0, 3, 2], "rotation": 270, "texture": "#3"},
				"up": {"uv": [0, 0, 4, 2], "texture": "#3"},
				"down": {"uv": [0, 0, 4, 2], "rotation": 180, "texture": "#3"}
			}
		},
		{
			"from": [19.68, -4.85, 1.04],
			"to": [19.88, -0.05, 5.84],
			"rotation": {"angle": 0, "axis": "y", "origin": [28.28, 4.75, 10.64]},
			"faces": {
				"north": {"uv": [0, 0, 1, 4], "texture": "#3"},
				"east": {"uv": [0, 0, 4, 4], "texture": "#3"},
				"south": {"uv": [0, 0, 1, 4], "texture": "#3"},
				"west": {"uv": [0, 0, 4, 4], "texture": "#3"},
				"up": {"uv": [0, 0, 1, 4], "texture": "#3"},
				"down": {"uv": [0, 0, 1, 4], "texture": "#3"}
			}
		},
		{
			"from": [-4.53174, -1.01806, 16.99328],
			"to": [-3.7503, 0.54482, 19.3376],
			"rotation": {"angle": 0, "axis": "y", "origin": [4.0641, 2.1077, 24.80768]},
			"faces": {
				"north": {"uv": [0, 0, 1, 2], "texture": "#4"},
				"east": {"uv": [0, 0, 3, 2], "texture": "#4"},
				"south": {"uv": [0, 0, 1, 2], "texture": "#4"},
				"west": {"uv": [0, 0, 3, 2], "texture": "#4"},
				"up": {"uv": [0, 0, 1, 3], "texture": "#4"},
				"down": {"uv": [0, 0, 1, 3], "texture": "#4"}
			}
		},
		{
			"from": [-4.53174, -5.08155, 16.99328],
			"to": [-3.7503, -3.51867, 19.3376],
			"rotation": {"angle": 0, "axis": "y", "origin": [4.0641, -1.95579, 24.80768]},
			"faces": {
				"north": {"uv": [0, 0, 1, 2], "texture": "#4"},
				"east": {"uv": [0, 0, 3, 2], "texture": "#4"},
				"south": {"uv": [0, 0, 1, 2], "texture": "#4"},
				"west": {"uv": [0, 0, 3, 2], "texture": "#4"},
				"up": {"uv": [0, 0, 1, 3], "texture": "#4"},
				"down": {"uv": [0, 0, 1, 3], "texture": "#4"}
			}
		},
		{
			"from": [-4.53174, 2.3812, 11.91392],
			"to": [-3.7503, 3.94408, 14.25824],
			"rotation": {"angle": -45, "axis": "x", "origin": [4.0641, 5.50696, 19.72832]},
			"faces": {
				"north": {"uv": [0, 0, 1, 2], "texture": "#4"},
				"east": {"uv": [0, 0, 3, 2], "texture": "#4"},
				"south": {"uv": [0, 0, 1, 2], "texture": "#4"},
				"west": {"uv": [0, 0, 3, 2], "texture": "#4"},
				"up": {"uv": [0, 0, 1, 3], "texture": "#4"},
				"down": {"uv": [0, 0, 1, 3], "texture": "#4"}
			}
		},
		{
			"from": [-4.53174, -0.51013, 14.88339],
			"to": [-3.7503, 1.05275, 17.22771],
			"rotation": {"angle": -45, "axis": "x", "origin": [4.0641, 2.61563, 22.69779]},
			"faces": {
				"north": {"uv": [0, 0, 1, 2], "texture": "#4"},
				"east": {"uv": [0, 0, 3, 2], "texture": "#4"},
				"south": {"uv": [0, 0, 1, 2], "texture": "#4"},
				"west": {"uv": [0, 0, 3, 2], "texture": "#4"},
				"up": {"uv": [0, 0, 1, 3], "texture": "#4"},
				"down": {"uv": [0, 0, 1, 3], "texture": "#4"}
			}
		},
		{
			"from": [-4.53174, 1.59976, 22.85408],
			"to": [-3.7503, 3.94408, 24.41696],
			"rotation": {"angle": -45, "axis": "x", "origin": [4.0641, -3.87032, 25.97984]},
			"faces": {
				"north": {"uv": [0, 0, 1, 3], "rotation": 180, "texture": "#4"},
				"east": {"uv": [0, 0, 3, 2], "rotation": 270, "texture": "#4"},
				"south": {"uv": [0, 0, 1, 3], "texture": "#4"},
				"west": {"uv": [0, 0, 3, 2], "rotation": 90, "texture": "#4"},
				"up": {"uv": [0, 0, 1, 2], "rotation": 180, "texture": "#4"},
				"down": {"uv": [0, 0, 1, 2], "texture": "#4"}
			}
		},
		{
			"from": [-4.53174, -1.29157, 19.88461],
			"to": [-3.7503, 1.05275, 21.44749],
			"rotation": {"angle": -45, "axis": "x", "origin": [4.0641, -6.76165, 23.01037]},
			"faces": {
				"north": {"uv": [0, 0, 1, 3], "rotation": 180, "texture": "#4"},
				"east": {"uv": [0, 0, 3, 2], "rotation": 270, "texture": "#4"},
				"south": {"uv": [0, 0, 1, 3], "texture": "#4"},
				"west": {"uv": [0, 0, 3, 2], "rotation": 90, "texture": "#4"},
				"up": {"uv": [0, 0, 1, 2], "rotation": 180, "texture": "#4"},
				"down": {"uv": [0, 0, 1, 2], "texture": "#4"}
			}
		},
		{
			"from": [-4.53174, -3.4796, 15.31318],
			"to": [-3.7503, -1.13528, 16.87606],
			"rotation": {"angle": 0, "axis": "y", "origin": [4.0641, 3.94408, 24.29974]},
			"faces": {
				"north": {"uv": [0, 0, 1, 3], "rotation": 180, "texture": "#4"},
				"east": {"uv": [0, 0, 3, 2], "rotation": 90, "texture": "#4"},
				"south": {"uv": [0, 0, 1, 3], "texture": "#4"},
				"west": {"uv": [0, 0, 3, 2], "rotation": 270, "texture": "#4"},
				"up": {"uv": [0, 0, 1, 2], "texture": "#4"},
				"down": {"uv": [0, 0, 1, 2], "rotation": 180, "texture": "#4"}
			}
		},
		{
			"from": [-4.53174, -3.4796, 19.45482],
			"to": [-3.7503, -1.13528, 21.0177],
			"rotation": {"angle": 0, "axis": "y", "origin": [4.0641, 3.94408, 28.44138]},
			"faces": {
				"north": {"uv": [0, 0, 1, 3], "rotation": 180, "texture": "#4"},
				"east": {"uv": [0, 0, 3, 2], "rotation": 90, "texture": "#4"},
				"south": {"uv": [0, 0, 1, 3], "texture": "#4"},
				"west": {"uv": [0, 0, 3, 2], "rotation": 270, "texture": "#4"},
				"up": {"uv": [0, 0, 1, 2], "texture": "#4"},
				"down": {"uv": [0, 0, 1, 2], "rotation": 180, "texture": "#4"}
			}
		},
		{
			"from": [-4.53174, -4.1996, 16.09482],
			"to": [-3.7503, -0.65528, 20.0577],
			"rotation": {"angle": 0, "axis": "y", "origin": [4.0641, 3.22408, 25.08138]},
			"faces": {
				"north": {"uv": [0, 0, 1, 3], "rotation": 180, "texture": "#4"},
				"east": {"uv": [0, 0, 3, 2], "rotation": 90, "texture": "#4"},
				"south": {"uv": [0, 0, 1, 3], "texture": "#4"},
				"west": {"uv": [0, 0, 3, 2], "rotation": 270, "texture": "#4"},
				"up": {"uv": [0, 0, 1, 2], "texture": "#4"},
				"down": {"uv": [0, 0, 1, 2], "rotation": 180, "texture": "#4"}
			}
		},
		{
			"from": [-3.92, -0.17, 16.4],
			"to": [-0.12, 2.23, 20],
			"rotation": {"angle": 0, "axis": "y", "origin": [9.28, 4.63, 28.4]},
			"faces": {
				"north": {"uv": [0, 0, 4, 2], "texture": "#3"},
				"east": {"uv": [0, 0, 3, 2], "texture": "#3"},
				"south": {"uv": [0, 0, 4, 2], "texture": "#3"},
				"west": {"uv": [0, 0, 3, 2], "texture": "#3"},
				"up": {"uv": [0, 0, 4, 3], "texture": "#3"},
				"down": {"uv": [0, 0, 4, 3], "texture": "#3"}
			}
		},
		{
			"from": [-3.92, -6.41, 16.4],
			"to": [-0.12, -4.01, 20],
			"rotation": {"angle": 0, "axis": "y", "origin": [9.28, -1.61, 28.4]},
			"faces": {
				"north": {"uv": [0, 0, 4, 2], "texture": "#3"},
				"east": {"uv": [0, 0, 3, 2], "texture": "#3"},
				"south": {"uv": [0, 0, 4, 2], "texture": "#3"},
				"west": {"uv": [0, 0, 3, 2], "texture": "#3"},
				"up": {"uv": [0, 0, 4, 3], "texture": "#3"},
				"down": {"uv": [0, 0, 4, 3], "texture": "#3"}
			}
		},
		{
			"from": [-3.92, 5.05, 8.6],
			"to": [-0.12, 7.45, 12.2],
			"rotation": {"angle": -45, "axis": "x", "origin": [9.28, 9.85, 20.6]},
			"faces": {
				"north": {"uv": [0, 0, 4, 2], "texture": "#3"},
				"east": {"uv": [0, 0, 3, 2], "texture": "#3"},
				"south": {"uv": [0, 0, 4, 2], "texture": "#3"},
				"west": {"uv": [0, 0, 3, 2], "texture": "#3"},
				"up": {"uv": [0, 0, 4, 3], "texture": "#3"},
				"down": {"uv": [0, 0, 4, 3], "texture": "#3"}
			}
		},
		{
			"from": [-3.92, 0.61, 13.16],
			"to": [-0.12, 3.01, 16.76],
			"rotation": {"angle": -45, "axis": "x", "origin": [9.28, 5.41, 25.16]},
			"faces": {
				"north": {"uv": [0, 0, 4, 2], "texture": "#3"},
				"east": {"uv": [0, 0, 3, 2], "texture": "#3"},
				"south": {"uv": [0, 0, 4, 2], "texture": "#3"},
				"west": {"uv": [0, 0, 3, 2], "texture": "#3"},
				"up": {"uv": [0, 0, 4, 3], "texture": "#3"},
				"down": {"uv": [0, 0, 4, 3], "texture": "#3"}
			}
		},
		{
			"from": [-3.92, 3.85, 25.4],
			"to": [-0.12, 7.45, 27.8],
			"rotation": {"angle": -45, "axis": "x", "origin": [9.28, -4.55, 30.2]},
			"faces": {
				"north": {"uv": [0, 0, 4, 3], "rotation": 180, "texture": "#3"},
				"east": {"uv": [0, 0, 3, 2], "rotation": 270, "texture": "#3"},
				"south": {"uv": [0, 0, 4, 3], "texture": "#3"},
				"west": {"uv": [0, 0, 3, 2], "rotation": 90, "texture": "#3"},
				"up": {"uv": [0, 0, 4, 2], "rotation": 180, "texture": "#3"},
				"down": {"uv": [0, 0, 4, 2], "texture": "#3"}
			}
		},
		{
			"from": [-3.92, -0.59, 20.84],
			"to": [-0.12, 3.01, 23.24],
			"rotation": {"angle": -45, "axis": "x", "origin": [9.28, -8.99, 25.64]},
			"faces": {
				"north": {"uv": [0, 0, 4, 3], "rotation": 180, "texture": "#3"},
				"east": {"uv": [0, 0, 3, 2], "rotation": 270, "texture": "#3"},
				"south": {"uv": [0, 0, 4, 3], "texture": "#3"},
				"west": {"uv": [0, 0, 3, 2], "rotation": 90, "texture": "#3"},
				"up": {"uv": [0, 0, 4, 2], "rotation": 180, "texture": "#3"},
				"down": {"uv": [0, 0, 4, 2], "texture": "#3"}
			}
		},
		{
			"from": [-3.92, -3.95, 13.82],
			"to": [-0.12, -0.35, 16.22],
			"rotation": {"angle": 0, "axis": "y", "origin": [9.28, 7.45, 27.62]},
			"faces": {
				"north": {"uv": [0, 0, 4, 3], "rotation": 180, "texture": "#3"},
				"east": {"uv": [0, 0, 3, 2], "rotation": 90, "texture": "#3"},
				"south": {"uv": [0, 0, 4, 3], "texture": "#3"},
				"west": {"uv": [0, 0, 3, 2], "rotation": 270, "texture": "#3"},
				"up": {"uv": [0, 0, 4, 2], "texture": "#3"},
				"down": {"uv": [0, 0, 4, 2], "rotation": 180, "texture": "#3"}
			}
		},
		{
			"from": [-3.92, -3.95, 20.18],
			"to": [-0.12, -0.35, 22.58],
			"rotation": {"angle": 0, "axis": "y", "origin": [9.28, 7.45, 33.98]},
			"faces": {
				"north": {"uv": [0, 0, 4, 3], "rotation": 180, "texture": "#3"},
				"east": {"uv": [0, 0, 3, 2], "rotation": 90, "texture": "#3"},
				"south": {"uv": [0, 0, 4, 3], "texture": "#3"},
				"west": {"uv": [0, 0, 3, 2], "rotation": 270, "texture": "#3"},
				"up": {"uv": [0, 0, 4, 2], "texture": "#3"},
				"down": {"uv": [0, 0, 4, 2], "rotation": 180, "texture": "#3"}
			}
		},
		{
			"from": [-0.32, -4.85, 16.04],
			"to": [-0.12, -0.05, 20.84],
			"rotation": {"angle": 0, "axis": "y", "origin": [9.28, 4.75, 25.64]},
			"faces": {
				"north": {"uv": [0, 0, 1, 4], "texture": "#3"},
				"east": {"uv": [0, 0, 4, 4], "texture": "#3"},
				"south": {"uv": [0, 0, 1, 4], "texture": "#3"},
				"west": {"uv": [0, 0, 4, 4], "texture": "#3"},
				"up": {"uv": [0, 0, 1, 4], "texture": "#3"},
				"down": {"uv": [0, 0, 1, 4], "texture": "#3"}
			}
		},
		{
			"from": [-4.53174, -1.01806, 1.99328],
			"to": [-3.7503, 0.54482, 4.3376],
			"rotation": {"angle": 0, "axis": "y", "origin": [4.0641, 2.1077, 9.80768]},
			"faces": {
				"north": {"uv": [0, 0, 1, 2], "texture": "#4"},
				"east": {"uv": [0, 0, 3, 2], "texture": "#4"},
				"south": {"uv": [0, 0, 1, 2], "texture": "#4"},
				"west": {"uv": [0, 0, 3, 2], "texture": "#4"},
				"up": {"uv": [0, 0, 1, 3], "texture": "#4"},
				"down": {"uv": [0, 0, 1, 3], "texture": "#4"}
			}
		},
		{
			"from": [-4.53174, -5.08155, 1.99328],
			"to": [-3.7503, -3.51867, 4.3376],
			"rotation": {"angle": 0, "axis": "y", "origin": [4.0641, -1.95579, 9.80768]},
			"faces": {
				"north": {"uv": [0, 0, 1, 2], "texture": "#4"},
				"east": {"uv": [0, 0, 3, 2], "texture": "#4"},
				"south": {"uv": [0, 0, 1, 2], "texture": "#4"},
				"west": {"uv": [0, 0, 3, 2], "texture": "#4"},
				"up": {"uv": [0, 0, 1, 3], "texture": "#4"},
				"down": {"uv": [0, 0, 1, 3], "texture": "#4"}
			}
		},
		{
			"from": [-4.53174, 2.3812, -3.08608],
			"to": [-3.7503, 3.94408, -0.74176],
			"rotation": {"angle": -45, "axis": "x", "origin": [4.0641, 5.50696, 4.72832]},
			"faces": {
				"north": {"uv": [0, 0, 1, 2], "texture": "#4"},
				"east": {"uv": [0, 0, 3, 2], "texture": "#4"},
				"south": {"uv": [0, 0, 1, 2], "texture": "#4"},
				"west": {"uv": [0, 0, 3, 2], "texture": "#4"},
				"up": {"uv": [0, 0, 1, 3], "texture": "#4"},
				"down": {"uv": [0, 0, 1, 3], "texture": "#4"}
			}
		},
		{
			"from": [-4.53174, -0.51013, -0.11661],
			"to": [-3.7503, 1.05275, 2.22771],
			"rotation": {"angle": -45, "axis": "x", "origin": [4.0641, 2.61563, 7.69779]},
			"faces": {
				"north": {"uv": [0, 0, 1, 2], "texture": "#4"},
				"east": {"uv": [0, 0, 3, 2], "texture": "#4"},
				"south": {"uv": [0, 0, 1, 2], "texture": "#4"},
				"west": {"uv": [0, 0, 3, 2], "texture": "#4"},
				"up": {"uv": [0, 0, 1, 3], "texture": "#4"},
				"down": {"uv": [0, 0, 1, 3], "texture": "#4"}
			}
		},
		{
			"from": [-4.53174, 1.59976, 7.85408],
			"to": [-3.7503, 3.94408, 9.41696],
			"rotation": {"angle": -45, "axis": "x", "origin": [4.0641, -3.87032, 10.97984]},
			"faces": {
				"north": {"uv": [0, 0, 1, 3], "rotation": 180, "texture": "#4"},
				"east": {"uv": [0, 0, 3, 2], "rotation": 270, "texture": "#4"},
				"south": {"uv": [0, 0, 1, 3], "texture": "#4"},
				"west": {"uv": [0, 0, 3, 2], "rotation": 90, "texture": "#4"},
				"up": {"uv": [0, 0, 1, 2], "rotation": 180, "texture": "#4"},
				"down": {"uv": [0, 0, 1, 2], "texture": "#4"}
			}
		},
		{
			"from": [-4.53174, -1.29157, 4.88461],
			"to": [-3.7503, 1.05275, 6.44749],
			"rotation": {"angle": -45, "axis": "x", "origin": [4.0641, -6.76165, 8.01037]},
			"faces": {
				"north": {"uv": [0, 0, 1, 3], "rotation": 180, "texture": "#4"},
				"east": {"uv": [0, 0, 3, 2], "rotation": 270, "texture": "#4"},
				"south": {"uv": [0, 0, 1, 3], "texture": "#4"},
				"west": {"uv": [0, 0, 3, 2], "rotation": 90, "texture": "#4"},
				"up": {"uv": [0, 0, 1, 2], "rotation": 180, "texture": "#4"},
				"down": {"uv": [0, 0, 1, 2], "texture": "#4"}
			}
		},
		{
			"from": [-4.53174, -3.4796, 0.31318],
			"to": [-3.7503, -1.13528, 1.87606],
			"rotation": {"angle": 0, "axis": "y", "origin": [4.0641, 3.94408, 9.29974]},
			"faces": {
				"north": {"uv": [0, 0, 1, 3], "rotation": 180, "texture": "#4"},
				"east": {"uv": [0, 0, 3, 2], "rotation": 90, "texture": "#4"},
				"south": {"uv": [0, 0, 1, 3], "texture": "#4"},
				"west": {"uv": [0, 0, 3, 2], "rotation": 270, "texture": "#4"},
				"up": {"uv": [0, 0, 1, 2], "texture": "#4"},
				"down": {"uv": [0, 0, 1, 2], "rotation": 180, "texture": "#4"}
			}
		},
		{
			"from": [-4.53174, -3.4796, 4.45482],
			"to": [-3.7503, -1.13528, 6.0177],
			"rotation": {"angle": 0, "axis": "y", "origin": [4.0641, 3.94408, 13.44138]},
			"faces": {
				"north": {"uv": [0, 0, 1, 3], "rotation": 180, "texture": "#4"},
				"east": {"uv": [0, 0, 3, 2], "rotation": 90, "texture": "#4"},
				"south": {"uv": [0, 0, 1, 3], "texture": "#4"},
				"west": {"uv": [0, 0, 3, 2], "rotation": 270, "texture": "#4"},
				"up": {"uv": [0, 0, 1, 2], "texture": "#4"},
				"down": {"uv": [0, 0, 1, 2], "rotation": 180, "texture": "#4"}
			}
		},
		{
			"from": [-4.53174, -4.1996, 1.09482],
			"to": [-3.7503, -0.65528, 5.0577],
			"rotation": {"angle": 0, "axis": "y", "origin": [4.0641, 3.22408, 10.08138]},
			"faces": {
				"north": {"uv": [0, 0, 1, 3], "rotation": 180, "texture": "#4"},
				"east": {"uv": [0, 0, 3, 2], "rotation": 90, "texture": "#4"},
				"south": {"uv": [0, 0, 1, 3], "texture": "#4"},
				"west": {"uv": [0, 0, 3, 2], "rotation": 270, "texture": "#4"},
				"up": {"uv": [0, 0, 1, 2], "texture": "#4"},
				"down": {"uv": [0, 0, 1, 2], "rotation": 180, "texture": "#4"}
			}
		},
		{
			"from": [-3.92, -0.17, 1.4],
			"to": [-0.12, 2.23, 5],
			"rotation": {"angle": 0, "axis": "y", "origin": [9.28, 4.63, 13.4]},
			"faces": {
				"north": {"uv": [0, 0, 4, 2], "texture": "#3"},
				"east": {"uv": [0, 0, 3, 2], "texture": "#3"},
				"south": {"uv": [0, 0, 4, 2], "texture": "#3"},
				"west": {"uv": [0, 0, 3, 2], "texture": "#3"},
				"up": {"uv": [0, 0, 4, 3], "texture": "#3"},
				"down": {"uv": [0, 0, 4, 3], "texture": "#3"}
			}
		},
		{
			"from": [-3.92, -6.41, 1.4],
			"to": [-0.12, -4.01, 5],
			"rotation": {"angle": 0, "axis": "y", "origin": [9.28, -1.61, 13.4]},
			"faces": {
				"north": {"uv": [0, 0, 4, 2], "texture": "#3"},
				"east": {"uv": [0, 0, 3, 2], "texture": "#3"},
				"south": {"uv": [0, 0, 4, 2], "texture": "#3"},
				"west": {"uv": [0, 0, 3, 2], "texture": "#3"},
				"up": {"uv": [0, 0, 4, 3], "texture": "#3"},
				"down": {"uv": [0, 0, 4, 3], "texture": "#3"}
			}
		},
		{
			"from": [-3.92, 5.05, -6.4],
			"to": [-0.12, 7.45, -2.8],
			"rotation": {"angle": -45, "axis": "x", "origin": [9.28, 9.85, 5.6]},
			"faces": {
				"north": {"uv": [0, 0, 4, 2], "texture": "#3"},
				"east": {"uv": [0, 0, 3, 2], "texture": "#3"},
				"south": {"uv": [0, 0, 4, 2], "texture": "#3"},
				"west": {"uv": [0, 0, 3, 2], "texture": "#3"},
				"up": {"uv": [0, 0, 4, 3], "texture": "#3"},
				"down": {"uv": [0, 0, 4, 3], "texture": "#3"}
			}
		},
		{
			"from": [-3.92, 0.61, -1.84],
			"to": [-0.12, 3.01, 1.76],
			"rotation": {"angle": -45, "axis": "x", "origin": [9.28, 5.41, 10.16]},
			"faces": {
				"north": {"uv": [0, 0, 4, 2], "texture": "#3"},
				"east": {"uv": [0, 0, 3, 2], "texture": "#3"},
				"south": {"uv": [0, 0, 4, 2], "texture": "#3"},
				"west": {"uv": [0, 0, 3, 2], "texture": "#3"},
				"up": {"uv": [0, 0, 4, 3], "texture": "#3"},
				"down": {"uv": [0, 0, 4, 3], "texture": "#3"}
			}
		},
		{
			"from": [-3.92, 3.85, 10.4],
			"to": [-0.12, 7.45, 12.8],
			"rotation": {"angle": -45, "axis": "x", "origin": [9.28, -4.55, 15.2]},
			"faces": {
				"north": {"uv": [0, 0, 4, 3], "rotation": 180, "texture": "#3"},
				"east": {"uv": [0, 0, 3, 2], "rotation": 270, "texture": "#3"},
				"south": {"uv": [0, 0, 4, 3], "texture": "#3"},
				"west": {"uv": [0, 0, 3, 2], "rotation": 90, "texture": "#3"},
				"up": {"uv": [0, 0, 4, 2], "rotation": 180, "texture": "#3"},
				"down": {"uv": [0, 0, 4, 2], "texture": "#3"}
			}
		},
		{
			"from": [-3.92, -0.59, 5.84],
			"to": [-0.12, 3.01, 8.24],
			"rotation": {"angle": -45, "axis": "x", "origin": [9.28, -8.99, 10.64]},
			"faces": {
				"north": {"uv": [0, 0, 4, 3], "rotation": 180, "texture": "#3"},
				"east": {"uv": [0, 0, 3, 2], "rotation": 270, "texture": "#3"},
				"south": {"uv": [0, 0, 4, 3], "texture": "#3"},
				"west": {"uv": [0, 0, 3, 2], "rotation": 90, "texture": "#3"},
				"up": {"uv": [0, 0, 4, 2], "rotation": 180, "texture": "#3"},
				"down": {"uv": [0, 0, 4, 2], "texture": "#3"}
			}
		},
		{
			"from": [-3.92, -3.95, -1.18],
			"to": [-0.12, -0.35, 1.22],
			"rotation": {"angle": 0, "axis": "y", "origin": [9.28, 7.45, 12.62]},
			"faces": {
				"north": {"uv": [0, 0, 4, 3], "rotation": 180, "texture": "#3"},
				"east": {"uv": [0, 0, 3, 2], "rotation": 90, "texture": "#3"},
				"south": {"uv": [0, 0, 4, 3], "texture": "#3"},
				"west": {"uv": [0, 0, 3, 2], "rotation": 270, "texture": "#3"},
				"up": {"uv": [0, 0, 4, 2], "texture": "#3"},
				"down": {"uv": [0, 0, 4, 2], "rotation": 180, "texture": "#3"}
			}
		},
		{
			"from": [-3.92, -3.95, 5.18],
			"to": [-0.12, -0.35, 7.58],
			"rotation": {"angle": 0, "axis": "y", "origin": [9.28, 7.45, 18.98]},
			"faces": {
				"north": {"uv": [0, 0, 4, 3], "rotation": 180, "texture": "#3"},
				"east": {"uv": [0, 0, 3, 2], "rotation": 90, "texture": "#3"},
				"south": {"uv": [0, 0, 4, 3], "texture": "#3"},
				"west": {"uv": [0, 0, 3, 2], "rotation": 270, "texture": "#3"},
				"up": {"uv": [0, 0, 4, 2], "texture": "#3"},
				"down": {"uv": [0, 0, 4, 2], "rotation": 180, "texture": "#3"}
			}
		},
		{
			"from": [-0.32, -4.85, 1.04],
			"to": [-0.12, -0.05, 5.84],
			"rotation": {"angle": 0, "axis": "y", "origin": [9.28, 4.75, 10.64]},
			"faces": {
				"north": {"uv": [0, 0, 1, 4], "texture": "#3"},
				"east": {"uv": [0, 0, 4, 4], "texture": "#3"},
				"south": {"uv": [0, 0, 1, 4], "texture": "#3"},
				"west": {"uv": [0, 0, 4, 4], "texture": "#3"},
				"up": {"uv": [0, 0, 1, 4], "texture": "#3"},
				"down": {"uv": [0, 0, 1, 4], "texture": "#3"}
			}
		}
	],
	"groups": [
		{
			"name": "car",
			"origin": [8, 8, 8],
			"children": [
				{
					"name": "body",
					"origin": [8, 8, 8],
					"children": [
						{
							"name": "front-window",
							"origin": [5, 23, 24],
							"children": [0, 1, 2, 3]
						},
						{
							"name": "sides",
							"origin": [8, 8, 8],
							"children": [4, 5,
								{
									"name": "right",
									"origin": [8, 8, 3],
									"children": [6]
								}, 7, 8]
						}
					]
				},
				{
					"name": "grille",
					"origin": [12, 10, 34],
					"children": [9, 10, 11, 12, 13]
				},
				{
					"name": "lights",
					"origin": [6, 10, 34],
					"children": [14, 15, 16, 17]
				},
				{
					"name": "back-lights",
					"origin": [6, 10, 34],
					"children": [18, 19, 20, 21]
				}, 22, 23,
				{
					"name": "steering-wheel",
					"origin": [8, 8, 8],
					"children": [24, 25, 26, 27, 28, 29, 30, 31]
				},
				{
					"name": "bumpers",
					"origin": [8, 8, 8],
					"children": [32, 33,
						{
							"name": "plates",
							"origin": [9, 4, 35],
							"children": [34, 35]
						}
					]
				}, 36,
				{
					"name": "handles",
					"origin": [27, 14, 8],
					"children": [37, 38]
				},
				{
					"name": "pedals",
					"origin": [8, 8, 8],
					"children": [39, 40, 41]
				}
			]
		},
		{
			"name": "mirrors",
			"origin": [8, 8, 8],
			"children": [42, 43]
		},
		{
			"name": "wheels",
			"origin": [-1, 4, -1],
			"children": [
				{
					"name": "front-left",
					"origin": [-1, 4, -1],
					"children": [
						{
							"name": "front-cap-left",
							"origin": [-1, 4, -1],
							"children": [44, 45, 46, 47, 48, 49, 50, 51, 52]
						},
						{
							"name": "front-back-left",
							"origin": [-1, 4, -1],
							"children": [53, 54, 55, 56, 57, 58, 59, 60, 61]
						}
					]
				},
				{
					"name": "back-left",
					"origin": [-1, 4, -1],
					"children": [
						{
							"name": "front-cap-left",
							"origin": [-1, 4, -1],
							"children": [62, 63, 64, 65, 66, 67, 68, 69, 70]
						},
						{
							"name": "front-back-left",
							"origin": [-1, 4, -1],
							"children": [71, 72, 73, 74, 75, 76, 77, 78, 79]
						}
					]
				},
				{
					"name": "front-right",
					"origin": [-1, 4, -1],
					"children": [
						{
							"name": "front-cap-left",
							"origin": [-1, 4, -1],
							"children": [80, 81, 82, 83, 84, 85, 86, 87, 88]
						},
						{
							"name": "front-back-left",
							"origin": [-1, 4, -1],
							"children": [89, 90, 91, 92, 93, 94, 95, 96, 97]
						}
					]
				},
				{
					"name": "back-right",
					"origin": [-1, 4, -1],
					"children": [
						{
							"name": "front-cap-left",
							"origin": [-1, 4, -1],
							"children": [98, 99, 100, 101, 102, 103, 104, 105, 106]
						},
						{
							"name": "front-back-left",
							"origin": [-1, 4, -1],
							"children": [107, 108, 109, 110, 111, 112, 113, 114, 115]
						}
					]
				}
			]
		}
	]
}